,rank,t_init,t_init_top,t_init_traj,t_io,t_io/frame,t_rmsd,t_rmsd/frame,t_wait,t_comm,t_close_traj,total_time
0,0.0,1.1559031009674072,1.1301922798156738,0.025355815887451172,8973.238462686539,0.0035718646854098154,271.02232456207275,0.00010788246340342041,5.817413330078125e-05,0.01655864715576172,0.0020034313201904297,9245.433307170868
