,rank,t_init,t_init_top,t_init_traj,t_io,t_io/frame,t_rmsd,t_rmsd/frame,t_wait,t_comm,t_close_traj,total_time
0,0.0,1.1298820972442627,1.0962698459625244,0.033211708068847656,2261.0002014636993,0.0036000321653748895,68.250657081604,0.00010867073812849932,63.85779809951782,0.023061037063598633,0.0027093887329101562,2394.261599779129
1,1.0,1.1296985149383545,1.0962965488433838,0.033031463623046875,2259.7626943588257,0.0035980617695387717,68.42252731323242,0.00010894439505331171,64.67493462562561,0.007348299026489258,0.018242835998535156,2393.9972031116486
2,2.0,1.1296637058258057,1.0962810516357422,0.03301644325256348,2323.655054330826,0.0036997930966178264,69.36757850646973,0.0001104491338372259,0.000156402587890625,0.015376567840576172,0.010301589965820312,2394.16782951355
3,3.0,1.1296501159667969,1.096268892288208,0.03302335739135742,2195.1558480262756,0.003495192815900447,66.32444071769714,0.00010560375880534534,131.629878282547,0.023078441619873047,0.0025718212127685547,2394.2628955841064
