,rank,t_init,t_init_top,t_init_traj,t_io,t_io/frame,t_rmsd,t_rmsd/frame,t_wait,t_comm,t_close_traj,total_time
0,0.0,2.423156976699829,1.1256403923034668,1.297149419784546,1138.4474766254425,0.003625340264709633,34.789608001708984,0.00011078610939163756,12.464123964309692,0.01694655418395996,0.001764059066772461,1188.141312122345
1,1.0,2.4239790439605713,1.1236798763275146,1.299727201461792,1125.9680879116058,0.0035856001525725843,35.134072065353394,0.00011188304136725864,24.609716415405273,0.0037038326263427734,0.014989376068115234,1188.1395592689514
2,2.0,2.425366163253784,1.1299879550933838,1.2947227954864502,1127.5815923213959,0.0035907382925607703,34.11500811576843,0.00010863787314948948,23.903886079788208,0.006363391876220703,0.012435674667358398,1188.0322160720825
3,3.0,2.4238598346710205,1.1256415843963623,1.2977910041809082,1119.187586069107,0.003564007916787221,33.93935585021973,0.00010807851556474716,32.62616300582886,0.008893251419067383,0.009865045547485352,1188.1858580112457
4,4.0,2.4239861965179443,1.1334547996520996,1.2899434566497803,1127.0715024471283,0.0035891139318434146,34.762165784835815,0.00011069872075419414,23.86315393447876,0.010334491729736328,0.008505821228027344,1188.1311428546906
5,5.0,2.4233856201171875,1.125605583190918,1.2973434925079346,1150.1120438575745,0.0036624856105646826,35.59220099449158,0.00011334193454180902,0.0001220703125,0.013012170791625977,0.005706787109375,1188.1407647132874
6,6.0,2.4234349727630615,1.1232953071594238,1.2997009754180908,1129.9160869121552,0.0035981723968224032,34.210214138031006,0.00010894105290353,21.414276838302612,0.014490604400634766,0.004191398620605469,1187.9785034656525
7,7.0,2.4248902797698975,1.125662088394165,1.2986078262329102,1140.023857831955,0.003630360187347998,34.40244913101196,0.00010955321751775165,11.26851201057434,0.016915321350097656,0.0018389225006103516,1188.1366245746613
