,rank,t_init,t_init_top,t_init_traj,t_to_mem,t_io,t_io/frame,t_rmsd,t_rmsd/frame,t_wait,t_comm,t_close_traj,total_time
0,0.0,2.888164758682251,2.2543139457702637,0.6302530765533447,735.5696406364441,4.801479816436768,0.00010658112800081615,16.713934421539307,0.00037100853321951843,5.3882598876953125e-05,0.00015234947204589844,6.4373016357421875e-06,759.9734258651733
