,rank,t_init,t_open_file,total_io,total_io/frame,total_rmsd,total_rmsd/frame,t_wait,t_comm_gather,t_close_file,total_time
0,0.0,0.012546062469482422,0.002273082733154297,3187.6334114074707,0.03537883919431155,17.146044969558716,0.00019030016614382593,0.001531839370727539,0.004614591598510742,0.005086660385131836,3204.798148870468
