,rank,t_init,t_init_top,t_init_traj,t_to_mem,t_io,t_io/frame,t_rmsd,t_rmsd/frame,t_wait,t_comm,t_close_traj,total_time
0,0.0,4.3949339389801025,2.1327102184295654,2.2584714889526367,1859.5464494228363,0.9301638603210449,2.064736648881343e-05,7.8470916748046875,0.00017418627469044812,0.004765510559082031,0.0029637813568115234,6.4373016357421875e-06,13.179918766021729
