,rank,t_init,t_init_top,t_init_traj,t_to_mem,t_io,t_io/frame,t_rmsd,t_rmsd/frame,t_wait,t_comm,t_close_traj,total_time
0,0.0,2.596470594406128,2.125020742416382,0.46774888038635254,1616.3266093730927,0.9397552013397217,2.0860270839949426e-05,7.792369604110718,0.0001729715783376408,0.00118255615234375,0.003829479217529297,6.198883056640625e-06,11.33360743522644
