,rank,t_init,t_init_top,t_init_traj,t_to_mem,t_io,t_io/frame,t_rmsd,t_rmsd/frame,t_wait,t_comm,t_close_traj,total_time
0,0.0,2.8942480087280273,2.1379239559173584,0.7526135444641113,1559.261123418808,0.9459717273712158,2.0998262538761728e-05,7.400261402130127,0.0001642677336765844,0.0010056495666503906,0.003852367401123047,5.4836273193359375e-06,11.245339155197144
