,rank,t_init,t_init_top,t_init_traj,t_to_mem,t_io,t_io/frame,t_rmsd,t_rmsd/frame,t_wait,t_comm,t_close_traj,total_time
0,0.0,3.0435757637023926,2.2285194396972656,0.8101248741149902,2222.928563117981,1.962986946105957,4.3573517116669416e-05,14.051603317260742,0.00031191128340201426,0.0011420249938964844,0.003938913345336914,6.198883056640625e-06,19.063246965408325
