,rank,t_init,t_open_file,total_io,total_io/frame,total_rmsd,total_rmsd/frame,t_wait,t_comm_gather,t_close_file,total_time
0,0.0,0.012458562850952148,0.0020744800567626953,3172.778563261032,0.035213968515660735,16.92100739479065,0.00018780252380455771,0.00148773193359375,0.004746198654174805,0.004450082778930664,3189.7182631492615
