,rank,t_init,t_init_top,t_init_traj,t_io,t_io/frame,t_rmsd,t_rmsd/frame,t_wait,t_comm,t_close_traj,total_time
0,0.0,10.756761312484741,5.108761548995972,5.644287347793579,6109.86526465416,0.06781204511269877,17.683951377868652,0.00019627027056457993,0.0011463165283203125,0.004546642303466797,0.009546518325805664,6138.311670303345
