,rank,t_init,t_init_top,t_init_traj,t_to_mem,t_io,t_io/frame,t_rmsd,t_rmsd/frame,t_wait,t_comm,t_close_traj,total_time
0,0.0,5.189318418502808,2.1303184032440186,3.0541276931762695,3508.40541100502,1.9766550064086914,2.1938457340828984e-05,16.74232792854309,0.0001858193998728423,0.0017611980438232422,0.003560304641723633,1.2159347534179688e-05,23.913622856140137
