,rank,t_init,t_init_top,t_init_traj,t_to_mem,t_io,t_io/frame,t_rmsd,t_rmsd/frame,t_wait,t_comm,t_close_traj,total_time
0,0.0,3.106560707092285,2.106623411178589,0.9930703639984131,1777.836579322815,0.9089834690093994,2.017721351852163e-05,6.782583951950073,0.00015055680248501828,0.0011148452758789062,0.0037431716918945312,6.4373016357421875e-06,10.802986145019531
