,rank,t_init,t_init_top,t_init_traj,t_to_mem,t_io,t_io/frame,t_rmsd,t_rmsd/frame,t_wait,t_comm,t_close_traj,total_time
0,0.0,3.1836819648742676,2.1679344177246094,1.011836051940918,625.9853339195251,4.919581413269043,0.00010920269507811417,17.310470581054688,0.0003842501793796823,2.2649765014648438e-05,0.00013518333435058594,8.821487426757812e-06,651.3992257118225
