,rank,t_init,t_init_top,t_init_traj,t_io,t_io/frame,t_rmsd,t_rmsd/frame,t_wait,t_comm,t_close_traj,total_time
0,0.0,1.073425531387329,1.0440106391906738,0.028993844985961914,9095.266659736633,0.0036204389219555103,265.0898847579956,0.00010552101136772375,5.936622619628906e-05,0.016467809677124023,0.001898050308227539,9361.44649720192
