,rank,t_init,t_init_top,t_init_traj,t_io,t_io/frame,t_rmsd,t_rmsd/frame,t_wait,t_comm,t_close_traj,total_time
0,0.0,1.1816370487213135,1.14609956741333,0.034989356994628906,2214.8326494693756,0.003526522807848699,69.49640393257141,0.00011065425353486412,48.83869123458862,0.02321171760559082,0.0024487972259521484,2334.3725934028625
1,1.0,1.1812045574188232,1.1463096141815186,0.03450894355773926,2215.41357088089,0.0035274477683001192,68.28458213806152,0.00010872475461836084,49.58129692077637,0.012413263320922852,0.020447492599487305,2334.4730677604675
2,2.0,1.1811869144439697,1.1460950374603271,0.03474068641662598,2254.577920436859,0.0035898064173821497,68.77293682098389,0.00010950232755510531,9.846235513687134,0.015596389770507812,0.010141611099243164,2334.3938760757446
3,3.0,1.1812193393707275,1.1456363201141357,0.03522133827209473,2262.2338767051697,0.0036019964600034547,70.78612637519836,0.000112707788193931,0.0001761913299560547,0.023250102996826172,0.0025746822357177734,2334.2246487140656
