,rank,t_init,t_init_top,t_init_traj,t_io,t_io/frame,t_rmsd,t_rmsd/frame,t_wait,t_comm,t_close_traj,total_time
0,0.0,2.4715847969055176,1.113799810409546,1.3574059009552002,1156.9502744674683,0.0036842616812911974,34.038373947143555,0.00010839383471743828,19.246342658996582,0.01711106300354004,0.0018134117126464844,1212.7236869335175
1,1.0,2.4723739624023438,1.1156044006347656,1.356180191040039,1175.91366147995,0.0037446498255869756,34.28339910507202,0.00010917410749167112,0.00011682510375976562,0.0047419071197509766,0.01413869857788086,1212.6742932796478
2,2.0,2.4718382358551025,1.115607738494873,1.3558177947998047,1172.6823296546936,0.003734359779172657,35.00921416282654,0.00011148543639145462,2.5129034519195557,0.0073397159576416016,0.01158285140991211,1212.6836252212524
3,3.0,2.4724409580230713,1.1159467697143555,1.3559279441833496,1144.574952363968,0.0036448529650950335,33.9518780708313,0.00010811839207334224,31.74917435646057,0.008830547332763672,0.010036945343017578,1212.7572762966156
4,4.0,2.4719653129577637,1.1156046390533447,1.355931282043457,1160.4328622817993,0.003695351842311279,34.08775448799133,0.000108551085066448,15.731836318969727,0.011425018310546875,0.007611513137817383,1212.7358434200287
5,5.0,2.4722602367401123,1.1138241291046143,1.3578417301177979,1132.224126815796,0.0036055222571954332,33.56455111503601,0.00010688496493921188,44.29285168647766,0.012931108474731445,0.005858659744262695,1212.5667209625244
6,6.0,2.4718070030212402,1.1211957931518555,1.350210189819336,1152.99014210701,0.0036716507988440727,34.399940490722656,0.00010954522885350739,22.870803356170654,0.014547109603881836,0.004317283630371094,1212.7472400665283
7,7.0,2.4736948013305664,1.113825798034668,1.3592205047607422,1168.2631714344025,0.0037202871473112093,34.677743911743164,0.00011042988269005067,7.307332754135132,0.017062902450561523,0.0018892288208007812,1212.739005804062
