,rank,t_init,t_init_top,t_init_traj,t_io,t_io/frame,t_rmsd,t_rmsd/frame,t_wait,t_comm,t_close_traj,total_time
0,0.0,2.735714912414551,2.2976841926574707,0.434283971786499,4164.286103010178,0.046218491709324946,17.475735425949097,0.00019395932770198776,5.340576171875e-05,0.00037384033203125,0.0009865760803222656,4184.497980594635
