,rank,t_init,t_init_top,t_init_traj,t_to_mem,t_io,t_io/frame,t_rmsd,t_rmsd/frame,t_wait,t_comm,t_close_traj,total_time
0,0.0,2.7381017208099365,2.202913761138916,0.5313854217529297,1583.8644108772278,0.9419651031494141,2.0909325264137936e-05,7.603939771652222,0.0001687888961521026,3.337860107421875e-05,0.00015306472778320312,5.9604644775390625e-06,11.28419303894043
