,rank,t_init,t_init_top,t_init_traj,t_to_mem,t_io,t_io/frame,t_rmsd,t_rmsd/frame,t_wait,t_comm,t_close_traj,total_time
0,0.0,14.357373237609863,2.789214849472046,11.563166379928589,819.8510377407074,1.8823108673095703,2.0891352578352612e-05,16.798895359039307,0.0001864472292901144,0.0013856887817382812,0.0034966468811035156,7.867813110351562e-06,33.04346179962158
