,rank,t_init,t_init_top,t_init_traj,t_to_mem,t_io,t_io/frame,t_rmsd,t_rmsd/frame,t_wait,t_comm,t_close_traj,total_time
0,0.0,2.7124898433685303,2.1761767864227295,0.5324819087982178,1247.799474954605,4.770750999450684,0.0001058990232952427,17.114925861358643,0.00037990956407011413,4.76837158203125e-05,0.00014638900756835938,6.198883056640625e-06,1272.3978357315063
