,rank,t_init,t_open_file,total_io,total_io/frame,total_rmsd,total_rmsd/frame,t_wait,t_comm_gather,t_close_file,total_time
0,0.0,0.012586593627929688,0.002482175827026367,3398.774749994278,0.03772225027740597,16.487855434417725,0.00018299506586479163,6.508827209472656e-05,0.0004055500030517578,0.000919342041015625,3415.2756626605988
