,rank,t_init,t_init_top,t_init_traj,t_to_mem,t_io,t_io/frame,t_rmsd,t_rmsd/frame,t_wait,t_comm,t_close_traj,total_time
0,0.0,3.596832036972046,2.56716251373291,1.0248095989227295,1560.6488285064697,0.925727128982544,2.054888188640497e-05,6.761986255645752,0.00015009958392110437,0.0010323524475097656,0.003340482711791992,7.62939453125e-06,11.288918256759644
