,rank,t_init,t_open_file,total_io,total_io/frame,total_rmsd,total_rmsd/frame,t_wait,t_comm_gather,t_close_file,total_time
0,0.0,0.013229131698608398,0.0022182464599609375,3634.1472845077515,0.040334598052250294,16.49671483039856,0.00018309339434404616,6.842613220214844e-05,0.00041985511779785156,0.0009961128234863281,3650.6577167510986
