,rank,t_init,t_init_top,t_init_traj,t_to_mem,t_io,t_io/frame,t_rmsd,t_rmsd/frame,t_wait,t_comm,t_close_traj,total_time
0,0.0,2.7369117736816406,2.2864601612091064,0.4467487335205078,1599.7828915119171,0.9688854217529297,2.1506890604948493e-05,7.828802108764648,0.00017378029098256712,0.0019216537475585938,0.005202054977416992,7.152557373046875e-06,11.541723012924194
