,rank,t_init,t_init_top,t_init_traj,t_to_mem,t_io,t_io/frame,t_rmsd,t_rmsd/frame,t_wait,t_comm,t_close_traj,total_time
0,0.0,3.043766975402832,2.3324949741363525,0.7062828540802002,1979.474315404892,1.9336094856262207,4.292140922588725e-05,14.056042671203613,0.000312009826219836,0.0014028549194335938,0.002853870391845703,8.58306884765625e-06,19.037675857543945
