,rank,t_init,t_init_top,t_init_traj,t_io,t_io/frame,t_rmsd,t_rmsd/frame,t_wait,t_comm,t_close_traj,total_time
0,0.0,24.021342515945435,5.425856113433838,18.591695308685303,7207.057352304459,0.07998953776142573,17.68477153778076,0.00019627937333829924,5.221366882324219e-05,0.00034928321838378906,0.0008947849273681641,7248.763867855072
