,rank,t_init,t_init_top,t_init_traj,t_to_mem,t_io,t_io/frame,t_rmsd,t_rmsd/frame,t_wait,t_comm,t_close_traj,total_time
0,0.0,3.092932939529419,2.1592442989349365,0.928778886795044,1758.8976647853851,1.8380827903747559,4.080094984183698e-05,13.676826477050781,0.00030359215265373545,3.457069396972656e-05,0.00015020370483398438,6.198883056640625e-06,18.60802698135376
