,rank,t_init,t_init_top,t_init_traj,t_to_mem,t_io,t_io/frame,t_rmsd,t_rmsd/frame,t_wait,t_comm,t_close_traj,total_time
0,0.0,3.4278063774108887,2.256056547164917,1.168046236038208,1554.749318599701,0.9559385776519775,2.1219502278623253e-05,8.128125429153442,0.00018042453782804533,0.1332087516784668,0.004342794418334961,6.9141387939453125e-06,12.64942193031311
