,rank,t_init,t_init_top,t_init_traj,t_to_mem,t_io,t_io/frame,t_rmsd,t_rmsd/frame,t_wait,t_comm,t_close_traj,total_time
0,0.0,9.842562913894653,2.469858407974243,7.368759870529175,1490.781536579132,4.810337543487549,0.00010677774791315313,16.959692001342773,0.0003764637514171537,1.9550323486328125e-05,0.00013399124145507812,7.3909759521484375e-06,1522.394282579422
