,rank,t_init,t_init_top,t_init_traj,t_to_mem,t_io,t_io/frame,t_rmsd,t_rmsd/frame,t_wait,t_comm,t_close_traj,total_time
0,0.0,2.704402446746826,2.3388171195983887,0.36035656929016113,778.5386888980865,4.727205753326416,0.00010493242515707916,16.53746795654297,0.00036709140858031005,4.982948303222656e-05,0.00014925003051757812,6.198883056640625e-06,802.5079641342163
