,rank,t_init,t_init_top,t_init_traj,t_io,t_io/frame,t_rmsd,t_rmsd/frame,t_wait,t_comm,t_close_traj,total_time
0,0.0,4.4794042110443115,2.328704595565796,2.1469979286193848,3949.881368160248,0.04383886091187844,17.64017081260681,0.00019578435974036416,6.198883056640625e-05,0.00036978721618652344,0.0008463859558105469,3972.0013749599457
