,rank,t_init,t_init_top,t_init_traj,t_to_mem,t_io,t_io/frame,t_rmsd,t_rmsd/frame,t_wait,t_comm,t_close_traj,total_time
0,0.0,8.82988691329956,2.410040855407715,6.415971755981445,1489.4636399745941,5.0590620040893555,0.00011229882362018547,17.64222002029419,0.00039161420688777333,2.1457672119140625e-05,0.00013685226440429688,7.152557373046875e-06,1520.9949672222137
