,rank,t_init,t_open_file,total_io,total_io/frame,total_rmsd,total_rmsd/frame,t_wait,t_comm_gather,t_close_file,total_time
0,0.0,0.013453006744384766,0.002326488494873047,4692.040475130081,0.05207592092264241,16.97159695625305,0.00018836400617372977,6.413459777832031e-05,0.00042247772216796875,0.0010001659393310547,4709.026011705399
