,rank,t_init,t_init_top,t_init_traj,t_to_mem,t_io,t_io/frame,t_rmsd,t_rmsd/frame,t_wait,t_comm,t_close_traj,total_time
0,0.0,3.7729647159576416,2.1305441856384277,1.6387553215026855,1422.9528505802155,0.9533839225769043,2.1162795173738163e-05,7.896625280380249,0.00017528579978646501,0.018962621688842773,0.00442194938659668,1.6689300537109375e-05,12.646358489990234
