,rank,t_init,t_init_top,t_init_traj,t_to_mem,t_io,t_io/frame,t_rmsd,t_rmsd/frame,t_wait,t_comm,t_close_traj,total_time
0,0.0,3.9389617443084717,2.3386740684509277,1.596329927444458,977.2574498653412,4.958002090454102,0.0001100555402986482,17.18875551223755,0.00038154840204744834,4.57763671875e-05,0.00014829635620117188,8.106231689453125e-06,1003.3433632850647
