,rank,t_init,t_init_top,t_init_traj,t_to_mem,t_io,t_io/frame,t_rmsd,t_rmsd/frame,t_wait,t_comm,t_close_traj,total_time
0,0.0,7.22216796875,3.935541868209839,3.281679153442383,823.0901389122009,1.8766553401947021,2.082858313201667e-05,15.954909563064575,0.0001770800173481085,0.0016605854034423828,0.004455089569091797,1.3113021850585938e-05,25.05984854698181
