,rank,t_init,t_init_top,t_init_traj,t_to_mem,t_io,t_io/frame,t_rmsd,t_rmsd/frame,t_wait,t_comm,t_close_traj,total_time
0,0.0,12.598442316055298,2.7676830291748047,9.825859546661377,1004.8773534297943,1.8837571144104004,2.090740415549834e-05,15.782423257827759,0.00017516562994259445,1.0278656482696533,4.289629697799683,9.775161743164062e-06,35.58211803436279
