,rank,t_init,t_open_file,total_io,total_io/frame,total_rmsd,total_rmsd/frame,t_wait,t_comm_gather,t_close_file,total_time
0,0.0,0.012444496154785156,0.002150297164916992,4714.535619735718,0.0523255895642144,16.451148986816406,0.00018258766911006,0.0014891624450683594,0.00552821159362793,0.00589299201965332,4731.006230592728
