,rank,t_init,t_init_top,t_init_traj,t_io,t_io/frame,t_rmsd,t_rmsd/frame,t_wait,t_comm,t_close_traj,total_time
0,0.0,1.237431287765503,1.043442726135254,0.19362258911132812,9023.713352441788,0.0035919565928038324,273.5171103477478,0.00010887553154515875,2.0265579223632812e-05,0.01661968231201172,0.0019998550415039062,9298.484534025192
