,rank,t_init,t_init_top,t_init_traj,t_io,t_io/frame,t_rmsd,t_rmsd/frame,t_wait,t_comm,t_close_traj,total_time
0,0.0,1.1408185958862305,1.1065678596496582,0.03387594223022461,2242.2552585601807,0.0035701859064727025,68.29247450828552,0.00010873732108635542,41.199318647384644,0.02267742156982422,0.0018563270568847656,2352.910547733307
1,1.0,1.1406466960906982,1.1087665557861328,0.031491994857788086,2269.3955869674683,0.0036133995493471353,67.85686445236206,0.00010804372972273236,14.334047555923462,0.011926412582397461,0.012709617614746094,2352.739072084427
2,2.0,1.140648365020752,1.1072537899017334,0.03303790092468262,2248.7156336307526,0.0035804723089415693,70.3986394405365,0.00011209081990372821,32.57757878303528,0.01496267318725586,0.009557247161865234,2352.8474628925323
3,3.0,1.1406364440917969,1.1087803840637207,0.03149104118347168,2281.640332221985,0.0036328959990796672,70.01675820350647,0.00011148277717300609,0.00017523765563964844,0.022627592086791992,0.0019578933715820312,2352.8205296993256
