,rank,t_init,t_init_top,t_init_traj,t_io,t_io/frame,t_rmsd,t_rmsd/frame,t_wait,t_comm,t_close_traj,total_time
0,0.0,2.3340909481048584,2.2915008068084717,0.040239572525024414,1171.3735873699188,0.0037301921419311164,34.97704005241394,0.00011138297922908666,0.00023484230041503906,0.017188310623168945,0.002626657485961914,1208.7021415233612
1,1.0,2.3312976360321045,2.2901268005371094,0.040593862533569336,1121.033022403717,0.003569884634674682,35.3188271522522,0.00011247138652098463,50.07111716270447,0.004980802536010742,0.014869213104248047,1208.7592451572418
2,2.0,2.3289854526519775,2.290154218673706,0.03845953941345215,1154.96990275383,0.003677955267108765,34.24439454078674,0.00010904989902328395,17.218941926956177,0.007637500762939453,0.012010335922241211,1208.7698621749878
3,3.0,2.329357385635376,2.297356128692627,0.031572580337524414,1133.1792252063751,0.003608563729659661,34.77385139465332,0.00011073593310931715,38.41267418861389,0.009111642837524414,0.010599613189697266,1208.7042198181152
4,4.0,2.330273151397705,2.2914786338806152,0.03838300704956055,1129.6111299991608,0.003597201273781262,34.33510994911194,0.00010933877859760191,42.473440408706665,0.01053762435913086,0.009198427200317383,1208.7604911327362
5,5.0,2.3309292793273926,2.2901718616485596,0.040203094482421875,1160.8832881450653,0.003696786205381945,35.04442310333252,0.00011159755784836404,10.345613241195679,0.013278007507324219,0.006398200988769531,1208.6175317764282
6,6.0,2.3296542167663574,2.290332078933716,0.0387425422668457,1140.0467853546143,0.003630433199123045,35.94749641418457,0.00011447335853573623,30.391474723815918,0.01569819450378418,0.003918647766113281,1208.731108903885
7,7.0,2.3308587074279785,2.291518211364746,0.038930654525756836,1142.5077130794525,0.0036382699246220924,34.864328384399414,0.0001110240534492458,28.982136011123657,0.017154455184936523,0.0026106834411621094,1208.7021906375885
