,rank,t_init,t_init_top,t_init_traj,t_to_mem,t_io,t_io/frame,t_rmsd,t_rmsd/frame,t_wait,t_comm,t_close_traj,total_time
0,0.0,13.015321254730225,4.077997922897339,8.933478832244873,1342.8896522521973,4.745677471160889,0.00010534245219003083,16.9340558052063,0.0003758946904596293,2.0265579223632812e-05,0.0001518726348876953,9.775161743164062e-06,1377.5848789215088
