,rank,t_init,t_init_top,t_init_traj,t_to_mem,t_io,t_io/frame,t_rmsd,t_rmsd/frame,t_wait,t_comm,t_close_traj,total_time
0,0.0,5.728058815002441,2.1756575107574463,3.5486910343170166,1494.6772065162659,4.772988319396973,0.00010594868633511593,17.37451934814453,0.0003856719056191905,2.2649765014648438e-05,0.0001518726348876953,8.106231689453125e-06,1522.5529475212097
