,rank,t_init,t_init_top,t_init_traj,t_to_mem,t_io,t_io/frame,t_rmsd,t_rmsd/frame,t_wait,t_comm,t_close_traj,total_time
0,0.0,4.53296160697937,2.179278612136841,2.3486881256103516,3590.7749874591827,1.9649033546447754,2.180802835343813e-05,16.772806882858276,0.00018615767905503082,0.001066446304321289,0.00413203239440918,1.049041748046875e-05,23.275870323181152
